<?xml version="1.0" encoding="UTF-8"?>
<project-private xmlns="http://www.netbeans.org/ns/project-private/1">
    <editor-bookmarks xmlns="http://www.netbeans.org/ns/editor-bookmarks/2" lastBookmarkId="0"/>
    <open-files xmlns="http://www.netbeans.org/ns/projectui-open-files/2">
        <group>
            <file>file:/Users/nelsontoneze/Downloads/UTFPR/SistemaEscolarProgDesktopJDBC/src/Views/ProfessoresView.java</file>
            <file>file:/Users/nelsontoneze/Downloads/UTFPR/SistemaEscolarProgDesktopJDBC/src/Views/TelaPrincipal.java</file>
            <file>file:/Users/nelsontoneze/Downloads/UTFPR/SistemaEscolarProgDesktopJDBC/src/Main/SistemaEscolarProgDesktop.java</file>
            <file>file:/Users/nelsontoneze/Downloads/UTFPR/SistemaEscolarProgDesktopJDBC/src/Utils/JDBCUtil.java</file>
            <file>file:/Users/nelsontoneze/Downloads/UTFPR/SistemaEscolarProgDesktopJDBC/src/Models/Professor.java</file>
            <file>file:/Users/nelsontoneze/Downloads/UTFPR/SistemaEscolarProgDesktopJDBC/src/Models/Aluno.java</file>
            <file>file:/Users/nelsontoneze/Downloads/UTFPR/SistemaEscolarProgDesktopJDBC/src/Models/Terceiro.java</file>
            <file>file:/Users/nelsontoneze/Downloads/UTFPR/SistemaEscolarProgDesktopJDBC/src/Views/AlunosView.java</file>
            <file>file:/Users/nelsontoneze/Downloads/UTFPR/SistemaEscolarProgDesktopJDBC/src/Controllers/AlunoDAO.java</file>
            <file>file:/Users/nelsontoneze/Downloads/UTFPR/SistemaEscolarProgDesktopJDBC/src/SQL/progdesktop_db.sql</file>
            <file>file:/Users/nelsontoneze/Downloads/UTFPR/SistemaEscolarProgDesktopJDBC/src/Controllers/TerceiroDAO.java</file>
            <file>file:/Users/nelsontoneze/Downloads/UTFPR/SistemaEscolarProgDesktopJDBC/src/Controllers/ProfessorDAO.java</file>
            <file>file:/Users/nelsontoneze/Downloads/UTFPR/SistemaEscolarProgDesktopJDBC/src/Views/TerceirosView.java</file>
        </group>
    </open-files>
</project-private>
